temperature_C,pH,enrichment,thymine_fraction,dna_yield,half_life_hours,stability_ratio,k_U,k_T,k_C,k_A,poly_rate,uv_resistance_ratio,vesicle_fraction,comp_U,comp_T,comp_C,comp_A
55.0,5.0,2.6641993592107687,0.21879898119122257,1529627.2000188183,19.678826305490983,95.1754423212778,1.551940185155182e-05,1.4823726366460207e-07,6.17229607387131e-05,2.4572700993132385e-06,0.010917909796332373,4.107142857142857,0.17,23503.0,8934.0,216.0,8179.0
55.0,5.5,2.7484621251749743,0.22571911172934572,1533020.6780285097,21.570523647322165,95.18484301215456,1.4228615550649042e-05,1.3589458822128688e-07,5.658537050588407e-05,2.252834208830117e-06,0.016382530865951497,4.107142857142857,0.255,23141.0,9087.0,198.0,7832.0
55.0,6.0,2.6907772741320692,0.2209817085035999,1528825.2305434367,23.72119874984222,95.21624772489908,1.294269207129546e-05,1.2357222619371142e-07,5.145944595992153e-05,2.0490538589236874e-06,0.026179441801119387,4.107142857142857,0.34,23521.0,9085.0,217.0,8289.0
55.0,6.5,2.705290644576221,0.22217362781543845,1528889.5829211278,23.709364587305583,95.32066538252975,1.296795621214889e-05,1.2367780957721068e-07,5.152007315505454e-05,2.052460052057563e-06,0.044841131191961245,4.107142857142857,0.425,23459.0,9144.0,229.0,8325.0
55.0,7.0,2.6567384633034097,0.2181862506094588,1529457.709074856,23.511628892283078,95.6649264986743,1.3051674740042204e-05,1.2402830680843355e-07,5.172122993790618e-05,2.0637526524072545e-06,0.07081252129978104,4.107142857142857,0.51,23548.0,8950.0,199.0,8323.0
55.0,7.5,2.659680680013753,0.21842788193349663,1526941.464425888,23.014046355544206,96.77634691344187,1.3326495308609368e-05,1.2518550370510727e-07,5.238424825639976e-05,2.1008790209868597e-06,0.09065219428066049,4.107142857142857,0.5950000000000001,23688.0,9006.0,203.0,8334.0
55.0,8.0,2.677784540650313,0.2199146724205571,1530294.355710333,21.574934321106284,100.15154849573723,1.4207239411860477e-05,1.2896128304147153e-07,5.45361032590914e-05,2.2204234106996623e-06,0.09614236674060486,4.107142857142857,0.68,23462.0,8969.0,209.0,8144.0
55.0,8.5,2.7791031588248285,0.22823552512087966,1533672.5329612787,18.547251216868496,108.69405122784391,1.6846108643013274e-05,1.4089680205974363e-07,6.12292204988533e-05,2.58357909647309e-06,0.08950804652645504,4.107142857142857,0.5950000000000001,23119.0,9299.0,182.0,8143.0
55.0,9.0,2.6836829219876925,0.22039908054971388,1529417.2782232135,13.138705645982919,121.60496299057279,2.3464660326504492e-05,1.7541643748031105e-07,7.973797422743588e-05,3.5269420490536816e-06,0.07591441814672749,4.107142857142857,0.51,23448.0,9013.0,233.0,8200.0
55.0,9.5,2.7174105823233816,0.223168985021727,1526272.6338730075,8.937427970406466,124.22937506465976,3.487275249513412e-05,2.5519328461406977e-07,0.00011842947723147222,5.263555517646215e-06,0.05993755884093769,4.107142857142857,0.425,23401.0,9193.0,210.0,8389.0
55.0,10.0,2.6989725410082315,0.2216547497446374,1526203.8367689627,6.652606840251435,112.5707847371721,4.6507794021100715e-05,3.755842410192769e-07,0.00016864953096955288,7.174506566352262e-06,0.044636939080193797,4.107142857142857,0.34,23444.0,9114.0,216.0,8344.0
58.0,5.0,2.66190380699262,0.21861045757910405,1524715.9580418563,19.714641814468802,95.16883072932013,1.5525224846656415e-05,1.483031856283948e-07,6.17426881545645e-05,2.4582603943686477e-06,0.010920868211813053,4.107142857142857,0.18275,23849.0,9106.0,233.0,8466.0
58.0,5.5,2.7038167938931297,0.2220525869380831,1525157.5356574892,21.544857126224585,95.17823076715524,1.4233954233124638e-05,1.3595502132631658e-07,5.660345588483727e-05,2.2537421149566295e-06,0.01638697002452953,4.107142857142857,0.274125,23659.0,9163.0,216.0,8227.0
58.0,6.0,2.673817914262479,0.21958891083315046,1528933.9676506082,23.729001200353284,95.20963329829551,1.29475482657089e-05,1.2362717947347086e-07,5.1475893030473285e-05,2.0498796403082106e-06,0.02618653561919856,4.107142857142857,0.3655,23444.0,9006.0,214.0,8349.0
58.0,6.5,2.6452848863673424,0.21724561868717307,1525028.9616900028,23.67675552338193,95.31404370230142,1.297282188585605e-05,1.237328098105081e-07,5.1536539602802e-05,2.0532872061589964e-06,0.044853281750004324,4.107142857142857,0.456875,23743.0,9012.0,208.0,8520.0
58.0,7.0,2.712334912176268,0.2227521425458771,1527158.901263548,23.67803922855304,95.65828090351611,1.3056571825564249e-05,1.2408346290986566e-07,5.1737760677830474e-05,2.064584357496507e-06,0.07083170930033676,4.107142857142857,0.54825,23542.0,9201.0,195.0,8368.0
58.0,7.5,2.6800443028415666,0.22010025675510453,1531596.2563377235,22.934812988779086,96.7696241107804,1.3331495508854566e-05,1.2524117441865538e-07,5.240099090511667e-05,2.1017256882323853e-06,0.09067675821825665,4.107142857142857,0.6396249999999999,23468.0,9001.0,231.0,8195.0
58.0,8.0,2.761881573821581,0.22682119205298013,1533532.5455525832,21.858500287156847,100.14459122654645,1.4212570073849672e-05,1.2901863286580835e-07,5.455353366707945e-05,2.2213182550739723e-06,0.09616841834493393,4.107142857142857,0.731,22933.0,9179.0,206.0,8150.0
58.0,8.5,2.7352296746919627,0.22463238874281818,1530556.0085395582,18.42820479690793,108.68650053306999,1.685242942838233e-05,1.4095945967803935e-07,6.124879010926375e-05,2.5846202948359448e-06,0.08953230043543844,4.107142857142857,0.6396249999999999,23339.0,9227.0,214.0,8296.0
58.0,9.0,2.677648940765865,0.21990353619816283,1527446.8654055344,13.220981287574254,121.59651540813229,2.3473464441735163e-05,1.7549444617903068e-07,7.976345946271794e-05,3.5283634285238787e-06,0.075934988603348,4.107142857142857,0.54825,23500.0,9073.0,223.0,8463.0
58.0,9.5,2.7117890888419827,0.22270731647494543,1532243.04842397,8.909279469433924,124.22074517109638,3.488583701147085e-05,2.5530677053557566e-07,0.00011846732874602118,5.265676763090277e-06,0.059953800063411326,4.107142857142857,0.456875,23263.0,9080.0,202.0,8226.0
58.0,10.0,2.676726720208378,0.21982779827798277,1529077.754191212,6.6332633676315265,112.5629647357423,4.6525244091631835e-05,3.7575126549156906e-07,0.00016870343342968697,7.177397936893761e-06,0.04464903430849742,4.107142857142857,0.3655,23222.0,8936.0,218.0,8274.0
61.0,5.0,2.688475216934929,0.2207926506661536,1528715.9491176505,19.885128994771787,95.16233830215305,1.553094541034789e-05,1.4836795242782515e-07,6.176206748108997e-05,2.4592332960875427e-06,0.010923774286137949,4.107142857142857,0.1955,23644.0,9181.0,211.0,8546.0
61.0,5.5,2.694339479410921,0.22127425676321574,1524029.6144188948,21.512942982918677,95.17173769871658,1.423919900365623e-05,1.360143954494042e-07,5.662122214812853e-05,2.254634074808649e-06,0.016391330644209893,4.107142857142857,0.29325,24002.0,9259.0,223.0,8360.0
61.0,6.0,2.7339864638014038,0.22453028929769983,1528399.3298225268,23.77931591160034,95.20313808757305,1.2952319035551784e-05,1.236811697954128e-07,5.1492049893237844e-05,2.0506909178401403e-06,0.026193503931364305,4.107142857142857,0.391,23282.0,9166.0,216.0,8159.0
61.0,6.5,2.6440587809756164,0.21714492404147576,1524533.9797651812,23.65740478738829,95.30754136869072,1.2977601968243852e-05,1.2378684626321135e-07,5.155271550085258e-05,2.0540998322977217e-06,0.04486521733680501,4.107142857142857,0.48875,23762.0,9005.0,205.0,8498.0
61.0,7.0,2.6755648094826063,0.21973237565799184,1533088.2007076247,23.363243626844078,95.65175508600908,1.3061382767206523e-05,1.2413765249939374e-07,5.175399973362546e-05,2.0654014546904468e-06,0.07085055782114973,4.107142857142857,0.5865,23452.0,8933.0,212.0,8057.0
61.0,7.5,2.738036892846036,0.2248629332289015,1531452.641551859,23.0617460035799,96.76302247732842,1.3336407751344722e-05,1.2529586960264368e-07,5.241743813058356e-05,2.1025574847903943e-06,0.09070088756345263,4.107142857142857,0.68425,23425.0,9187.0,203.0,8041.0
61.0,8.0,2.708816271592014,0.22246317206311225,1534555.9626788946,21.642927078464393,100.13775935249971,1.4217806964982008e-05,1.290749777371756e-07,5.457065651633744e-05,2.2221973825876906e-06,0.09619400903662599,4.107142857142857,0.782,22997.0,8925.0,202.0,7995.0
61.0,8.5,2.725627534723468,0.22384380719951188,1532022.5876464443,18.383856850399006,108.67908592911455,1.6858639025786127e-05,1.410210193337817e-07,6.12680144148179e-05,2.5856432058071735e-06,0.08955612523713899,4.107142857142857,0.68425,23327.0,9172.0,216.0,8260.0
61.0,9.0,2.6341276959644575,0.2163293276879023,1527206.2747736992,13.147667703622618,121.58822008166867,2.348211368512615e-05,1.7557108791500321e-07,7.978849501222075e-05,3.5297598431805033e-06,0.07595519512140694,4.107142857142857,0.5865,23452.0,8839.0,208.0,8360.0
61.0,9.5,2.6861883183770012,0.2206048377411064,1524206.0464987517,8.856615203202564,124.21227081941535,3.489869136008902e-05,2.5541826781953774e-07,0.00011850451237237424,5.267760751420274e-06,0.05996975394140571,4.107142857142857,0.48875,23936.0,9184.0,199.0,8312.0
61.0,10.0,2.6949346164830503,0.22132313275464666,1529899.8809065144,6.638011540101704,112.55528567901057,4.654238720065063e-05,3.7591536315909164e-07,0.00016875638478344433,7.180238524004059e-06,0.04466091554446865,4.107142857142857,0.391,23307.0,9026.0,211.0,8238.0
64.0,5.0,2.6968900745715154,0.22148372593099402,1531298.7455374324,19.774076139903777,95.15596184689441,1.5536566221466115e-05,1.4843159415643814e-07,6.178110784981886e-05,2.4601892586459663e-06,0.0109266293960795,4.107142857142856,0.20825,23428.0,9064.0,209.0,8223.0
64.0,5.5,2.7223816355810615,0.22357723577235772,1532202.5606680322,21.660561494315925,95.16536061364124,1.424435231827809e-05,1.3607273817841683e-07,5.66386776672125e-05,2.2555105047764334e-06,0.01639561479086577,4.107142857142856,0.312375,23288.0,9130.0,203.0,8215.0
64.0,6.0,2.7409711508628147,0.2251039109404244,1527504.1776124998,23.900119276128954,95.19675889848077,1.2957006614892153e-05,1.237342222458501e-07,5.150792416132116e-05,2.0514880702451096e-06,0.026200350038901827,4.107142857142856,0.4165,23346.0,9261.0,208.0,8326.0
64.0,6.5,2.6834437143016774,0.2203794354740508,1529607.6237361927,23.728701588726537,95.3011551839438,1.298229869774124e-05,1.2383994404306764e-07,5.156860847128159e-05,2.054898309828937e-06,0.04487694360692858,4.107142857142856,0.520625,23439.0,9049.0,205.0,8368.0
64.0,7.0,2.7075622886653745,0.22236018795802595,1528805.740849681,23.613825928344447,95.64534583685025,1.3066109817848815e-05,1.2419090075591913e-07,5.176995475712633e-05,2.0662043254314783e-06,0.07086907579183467,4.107142857142856,0.62475,23516.0,9133.0,183.0,8241.0
64.0,7.5,2.6754881674810034,0.2197260813873288,1530647.1769240843,22.97272788995503,96.75653876649783,1.3341234336397044e-05,1.2534961467089522e-07,5.2433597682725094e-05,2.1033747989653418e-06,0.09072459374768958,4.107142857142856,0.7288749999999999,23317.0,8920.0,208.0,8151.0
64.0,8.0,2.662977854522996,0.21869866438111563,1523184.1477496785,21.590878294203968,100.13104951377986,1.4222952537601967e-05,1.2913034383591502e-07,5.4587479875143655e-05,2.2230612036406025e-06,0.09621915093944491,4.107142857142856,0.833,23980.0,9186.0,242.0,8595.0
64.0,8.5,2.7142322183028136,0.2229079599572359,1529531.5647324324,18.37824349163087,108.67180376958231,1.686474034307047e-05,1.410815096303337e-07,6.128690247399924e-05,2.586648306908451e-06,0.08957953221871821,4.107142857142856,0.7288749999999999,23401.0,9174.0,222.0,8359.0
64.0,9.0,2.684704564916672,0.22048298359219046,1527925.448402168,13.239014345998902,121.58007293165997,2.3490612106966778e-05,1.7564639829939912e-07,7.981309267268316e-05,3.5311319449065495e-06,0.07597504727387946,4.107142857142856,0.62475,23430.0,9057.0,198.0,8393.0
64.0,9.5,2.6957642385596072,0.2213912659686634,1532410.637077164,8.910773526527176,124.20394784205287,3.4911321560455175e-05,2.5552782827256935e-07,0.00011854104563143812,5.269808455496624e-06,0.059985428033178904,4.107142857142856,0.520625,23219.0,9029.0,206.0,8329.0
64.0,10.0,2.7064385668175035,0.22226790162269353,1529527.7824718577,6.6796381789066706,112.54774379052759,4.6559231375975074e-05,3.7607661026894355e-07,0.00016880840998147734,7.18302965374373e-06,0.044672588416923696,4.107142857142856,0.4165,23561.0,9191.0,184.0,8415.0
67.0,5.0,2.7213099586987726,0.22348922366125187,1532356.2376212778,19.866010163480638,95.14969828371808,1.554208986626015e-05,1.4849413987168484e-07,6.179981807568126e-05,2.4611287205463473e-06,0.010929434870547483,4.107142857142857,0.204,23189.0,9094.0,201.0,8207.0
67.0,5.5,2.700947593221206,0.2218169521002923,1527758.9018473527,21.627539894478733,95.15909643179877,1.4249416548134651e-05,1.361300761513957e-07,5.665583052329718e-05,2.2563718068806107e-06,0.016399824458551506,4.107142857142857,0.306,23604.0,9183.0,212.0,8400.0
67.0,6.0,2.6783771821563236,0.21996334346211355,1526379.228091146,23.62013683025561,95.19049264987193,1.2961613160580198e-05,1.23786361047396e-07,5.152352318387517e-05,2.0522714631789287e-06,0.02620707712832913,4.107142857142857,0.408,23816.0,9121.0,216.0,8313.0
67.0,6.5,2.6829064678573906,0.22033531378538956,1526626.6274802987,23.63285161435992,95.2948820635351,1.298691423540858e-05,1.238921273933867e-07,5.158422587189947e-05,2.0556830050162916e-06,0.044888466018362765,4.107142857142857,0.51,23825.0,9160.0,212.0,8376.0
67.0,7.0,2.6991285190840566,0.2216675595383042,1530078.272149839,23.481028257098853,95.639050060374,1.307075515250287e-05,1.2424323199145596e-07,5.17856331348716e-05,2.0669933379984267e-06,0.0708872718315736,4.107142857142857,0.612,23519.0,9103.0,216.0,8228.0
67.0,7.5,2.664316570572558,0.21880860724508933,1531528.7639012476,22.931558225592166,96.75016984665795,1.3345977484821075e-05,1.254024341622579e-07,5.24494770427684e-05,2.104178005661292e-06,0.0907478878050014,4.107142857142857,0.714,23405.0,8867.0,187.0,8065.0
67.0,8.0,2.679032618812274,0.22001717159327855,1529881.00781184,21.53094637312503,100.1244584695366,1.4228009159291743e-05,1.2918475644100203e-07,5.460401153204119e-05,2.2239101144695943e-06,0.09624385575567936,4.107142857142857,0.816,23517.0,8969.0,198.0,8081.0
67.0,8.5,2.7161351857131897,0.22306424230494795,1532764.1739881458,18.281071124122022,108.66465053719219,1.6870736187575025e-05,1.4114095818626994e-07,6.130546303122466e-05,2.5876360591821778e-06,0.08960253227494636,4.107142857142857,0.714,23325.0,9066.0,203.0,8049.0
67.0,9.0,2.696080583715374,0.22141724600561044,1526972.97799592,13.201930244585261,121.57207002303488,2.3498963617553072e-05,1.7572041171732798e-07,7.983726383183931e-05,3.532480363088524e-06,0.07599455430094192,4.107142857142857,0.612,23350.0,9077.0,227.0,8341.0
67.0,9.5,2.7025179651773796,0.22194591984548528,1527380.160002191,8.8842438330998,124.19577221901297,3.492373342398031e-05,2.556355019176284e-07,0.00011857694543665236,5.271820814606332e-06,0.060000829634230604,4.107142857142857,0.51,23597.0,9193.0,227.0,8403.0
67.0,10.0,2.68063214869281,0.2201485339506173,1523991.2348382971,6.611058654481275,112.54033542756322,4.657578436795142e-05,3.762350804431036e-07,0.00016885953310937434,7.185772606411004e-06,0.04468405835899635,4.107142857142857,0.408,23843.0,9130.0,203.0,8296.0
70.0,5.0,2.69359909727546,0.22121345243325036,1529073.5462508097,19.722473477138184,95.14354464089358,1.5547518842353706e-05,1.4855561763912247e-07,6.181820667060992e-05,2.46205210528772e-06,0.010932191992650832,4.107142857142857,0.19125,23437.0,9064.0,226.0,8247.0
70.0,5.5,2.6544067690164486,0.21799475880811414,1528334.5948675636,21.438967147767155,95.15294218116527,1.4254393983116215e-05,1.3618643509707613e-07,5.6672688519813675e-05,2.2572183693866445e-06,0.0164039615725964,4.107142857142857,0.286875,23660.0,8984.0,226.0,8342.0
70.0,6.0,2.6819648100151037,0.2202579795664578,1528294.0460422612,23.67406354509669,95.1843363687421,1.2966140755555404e-05,1.2383760959581005e-07,5.153885405743803e-05,2.0530414497864684e-06,0.02621368827634094,4.107142857142857,0.3825,23520.0,9033.0,204.0,8254.0
70.0,6.5,2.679342400394145,0.22004261259275587,1529007.5996327046,23.502766649969818,95.28871903119975,1.2991450668251256e-05,1.2394341972991817e-07,5.159957480760516e-05,2.0564542715916986e-06,0.04489978984098584,4.107142857142857,0.47812499999999997,23544.0,8985.0,211.0,8093.0
70.0,7.0,2.7597320842575597,0.2266446639245339,1534425.5115686718,23.724756240680662,95.63286476956637,1.3075320871647353e-05,1.24294669688113e-07,5.180104199950088e-05,2.067768848069434e-06,0.07090515426248863,4.107142857142857,0.57375,23069.0,9202.0,191.0,8139.0
70.0,7.5,2.6731741756811744,0.2195360434134298,1528691.7450221619,22.866667506262772,96.74391269609224,1.3350639341323882e-05,1.2545435177793084e-07,5.2465083434786884e-05,2.104967466954941e-06,0.09077078038913432,4.107142857142857,0.6693749999999999,23524.0,8981.0,230.0,8174.0
70.0,8.0,2.7027323152776828,0.22196352347691115,1526038.8898474304,21.76860250566314,100.11798309266699,1.4232979116501443e-05,1.2923823996849898e-07,5.462025900785597e-05,2.224744497754281e-06,0.0962681347842987,4.107142857142857,0.765,23460.0,9152.0,199.0,8421.0
70.0,8.5,2.687828588433687,0.22073954591001296,1528701.3937319296,18.371315571757286,108.65762283811257,1.687662927043783e-05,1.4119939167738814e-07,6.132370453033739e-05,2.5886069078961548e-06,0.08962513592510549,4.107142857142857,0.6693749999999999,23280.0,9032.0,211.0,8394.0
70.0,9.0,2.661359930536252,0.21856579139669705,1525480.260027541,13.169182311039888,121.56420755883534,2.3507171993183432e-05,1.757931613801425e-07,7.986101948599058e-05,3.5338057055784322e-06,0.07601372512430825,4.107142857142857,0.57375,23563.0,8973.0,192.0,8326.0
70.0,9.5,2.6799887419082467,0.22009569377990432,1526532.346174418,8.909736255258393,124.18774007139369,3.493593256293061e-05,2.5574133707010825e-07,0.00011861222812008747,5.27379873589863e-06,0.0600159657886213,4.107142857142857,0.47812499999999997,23299.0,9016.0,206.0,8443.0
70.0,10.0,2.7670119210474886,0.22724252491694352,1531456.7396341255,6.654533786969016,112.53305707523987,4.659205366133784e-05,3.763908447904196e-07,0.00016890977742482508,7.188468618498603e-06,0.04469533061656759,4.107142857142857,0.3825,23184.0,9234.0,204.0,8013.0
73.0,5.0,2.667352305017176,0.21905791876952654,1524291.68633027,19.764864304798515,95.13749805008527,1.5552855562508687e-05,1.4861605457437142e-07,6.183628185644668e-05,2.4629598220018627e-06,0.010934902001653772,4.107142857142857,0.1785,23769.0,9115.0,216.0,8510.0
73.0,5.5,2.7048961004433845,0.22214122564027797,1529211.653458691,21.60682525831162,95.14689499312169,1.4259286835309426e-05,1.3624183987335154e-07,5.668925919424819e-05,2.2580505673880435e-06,0.016408027992539955,4.107142857142857,0.26775,23519.0,9142.0,201.0,8292.0
73.0,6.0,2.6725109362850077,0.21948157447751274,1531502.5178416227,23.556900989711497,95.17828718552576,1.2970591411985165e-05,1.238879904949741e-07,5.155392363669429e-05,2.0537983712321186e-06,0.026220186454499257,4.107142857142857,0.357,23319.0,8916.0,227.0,8161.0
73.0,6.5,2.792456125795281,0.22933214559671392,1535074.5629552803,23.877847640880024,95.28266321422548,1.2995910012364405e-05,1.23993843675857e-07,5.1614662141159086e-05,2.057212451286671e-06,0.044910920164600826,4.107142857142857,0.44625,22868.0,9268.0,212.0,8065.0
73.0,7.0,2.736437376253433,0.22473157196284232,1527345.1908017765,23.616024159606646,95.62678708133987,1.3079809004392912e-05,1.2434523653319843e-07,5.181618824056974e-05,2.068531199256212e-06,0.07092273112232933,4.107142857142857,0.5355,23520.0,9314.0,227.0,8384.0
73.0,7.5,2.6832868066512927,0.22036654933851196,1527368.455707157,23.099898492643966,96.73776439821792,1.3355221977741769e-05,1.2550539041689715e-07,5.2480423836653896e-05,2.1057435326394882e-06,0.09079328178978882,4.107142857142857,0.62475,23438.0,9078.0,217.0,8462.0
73.0,8.0,2.6770035714183096,0.21985053485077907,1531546.661340979,21.67409390013989,100.1116203648687,1.4237864617994428e-05,1.2929081800805612e-07,5.4636229567100427e-05,2.2255647231918224e-06,0.09629199893817904,4.107142857142857,0.714,23358.0,9002.0,208.0,8378.0
73.0,8.5,2.6796946837734454,0.22007154407801244,1528021.1436809904,18.265156033913396,108.65071739659277,1.6882422210680512e-05,1.412568358765885e-07,6.134163512741035e-05,2.589561283212419e-06,0.0896473533290269,4.107142857142857,0.62475,23333.0,8982.0,222.0,8277.0
73.0,9.0,2.727077771079149,0.22396290873596877,1529247.7739832324,13.235126907942853,121.55648187420982,2.3515240881848862e-05,1.7586467937508868e-07,7.988437025667879e-05,3.5351085596068255e-06,0.0760325683608314,4.107142857142857,0.5355,23454.0,9178.0,177.0,8171.0
73.0,9.5,2.711839821793975,0.22271148294926366,1530501.4245669774,8.915556676757399,124.17984765525068,3.494792439888412e-05,2.558453804100682e-07,0.00011864690945720884,5.2757430957476035e-06,0.06003084329971119,4.107142857142857,0.44625,23298.0,9104.0,190.0,8286.0
73.0,10.0,2.7053914454025443,0.2221819061441703,1527224.5996888976,6.650646333641176,112.52590534097234,4.660804648658268e-05,3.765439720129131e-07,0.00016895916539288544,7.191118884551091e-06,0.04470641025626307,4.107142857142857,0.357,23457.0,9185.0,232.0,8466.0
76.0,5.0,2.63722700020146,0.21658385991992668,1524229.8441569852,19.736165670631305,95.13155574189399,1.555810235819851e-05,1.4867547688296123e-07,6.185405157719493e-05,2.4638522660573387e-06,0.010937566094832629,4.107142857142857,0.16575,23788.0,8980.0,196.0,8498.0
76.0,5.5,2.668268462520712,0.21913315875773964,1530990.2489800504,21.41889970569651,95.14095209799538,1.426409724227339e-05,1.3629631450380098e-07,5.670554982937475e-05,2.2588687633601537e-06,0.016412025514918,4.107142857142857,0.24862499999999998,23552.0,8954.0,207.0,8148.0
76.0,6.0,2.732204165712978,0.2243839169909209,1530679.5458722096,23.69748935074665,95.1723423296365,1.2974967074244825e-05,1.2393752559010798e-07,5.156873854469e-05,2.0545425572034777e-06,0.026226574533685622,4.107142857142857,0.3315,23438.0,9169.0,198.0,8058.0
76.0,6.5,2.7390571422250733,0.22494672182524758,1534798.4313213902,23.651997057668275,95.27671183898741,1.3000294215918802e-05,1.2404342109508838e-07,5.162949450341031e-05,2.0579578743368573e-06,0.04492186190656143,4.107142857142857,0.41437500000000005,22869.0,8972.0,196.0,7848.0
76.0,7.0,2.680465114281665,0.22013481614873578,1530967.8672774744,23.451816803116674,95.62081421205254,1.3084221511487325e-05,1.2439495445255857e-07,5.1831078514817016e-05,2.069280723611361e-06,0.07094001017651563,4.107142857142857,0.49724999999999997,23508.0,9046.0,221.0,8318.0
76.0,7.5,2.638908382520376,0.21672194445819515,1529098.1446161852,22.916317619104447,96.7317221370531,1.3359727396108692e-05,1.2555557220957355e-07,5.249550499044143e-05,2.106506540741072e-06,0.09081540194803674,4.107142857142857,0.580125,23239.0,8756.0,202.0,8205.0
76.0,8.0,2.7195580091635714,0.22334534374773293,1526410.3058904398,21.648796454435267,100.10536737194869,1.4242667798118471e-05,1.293425133575761e-07,5.4651930228799326e-05,2.2263711480427467e-06,0.09631545876045366,4.107142857142857,0.663,23724.0,9236.0,191.0,8202.0
76.0,8.5,2.65955657177872,0.21841768946974996,1525534.481087561,18.27930426765513,108.64393104987138,1.6888117539087104e-05,1.4131331569174655e-07,6.135926270290052e-05,2.590499600822333e-06,0.08966919430231318,4.107142857142857,0.580125,23731.0,9058.0,209.0,8473.0
76.0,9.0,2.656754962213577,0.21818760559241937,1527008.5026302438,13.088512506416844,121.54888943071757,2.3523173808635722e-05,1.7593499671245713e-07,7.9907326406515e-05,3.536389492649785e-06,0.0760510923354139,4.107142857142857,0.49724999999999997,23537.0,8911.0,208.0,8185.0
76.0,9.5,2.797411345349071,0.22973909599485123,1535255.7682199706,8.889466785636099,124.17209135577853,3.495971417076026e-05,2.559476770508285e-07,0.00011868100469038591,5.277654741046062e-06,0.06004546874035359,4.107142857142857,0.41437500000000005,23125.0,9281.0,194.0,7798.0
76.0,10.0,2.694190880306718,0.22126205297204932,1528441.4914493877,6.610955186158581,112.51887694919472,4.6623769830532855e-05,3.766945285067366e-07,0.0001690077187194561,7.193724558928487e-06,0.04471730217304447,4.107142857142857,0.3315,23498.0,9064.0,208.0,8195.0
79.0,5.0,2.665247536271852,0.2188850633653212,1528812.49062973,19.790274450114662,95.12571504162833,1.5563261483002426e-05,1.4873390989818744e-07,6.187152351065639e-05,2.464729819633326e-06,0.010940185429238974,4.107142857142857,0.153,23381.0,8964.0,202.0,8406.0
79.0,5.5,2.724972107501475,0.2237899798431163,1527816.8867159714,21.662347819674512,95.13511082083069,1.4268827270151711e-05,1.363498822123946e-07,5.672156746392337e-05,2.2596733076862407e-06,0.0164159558759084,4.107142857142857,0.2295,23523.0,9215.0,184.0,8255.0
79.0,6.0,2.69722964667387,0.22151161349495552,1532755.2166063632,23.563734268123127,95.16649912523607,1.2979269621748468e-05,1.239862359993277e-07,5.1583305182534575e-05,2.0552743263898565e-06,0.026232855288328943,4.107142857142857,0.306,23199.0,8936.0,213.0,7993.0
79.0,6.5,2.6578493178567344,0.21827748021045645,1521942.5148430946,23.591927948413666,95.270862226713,1.3004605161997143e-05,1.240921731237721e-07,5.164407830300971e-05,2.0586908599613344e-06,0.04493261981901368,4.107142857142857,0.38249999999999995,24101.0,9210.0,232.0,8651.0
79.0,7.0,2.6946759604250974,0.221301890469694,1528714.4102808621,23.505988399426613,95.614943473257,1.3088560288170091e-05,1.2444384464225219e-07,5.18457192559157e-05,2.0700177421102954e-06,0.07095699892957376,4.107142857142857,0.459,23409.0,9084.0,221.0,8334.0
79.0,7.5,2.681853536730623,0.2202488411807758,1528272.265521724,23.1014725568809,96.72578319291641,1.3364157531570966e-05,1.2560491854978027e-07,5.2510333412296304e-05,2.1072568180093703e-06,0.09083715047096096,4.107142857142857,0.5355,23356.0,9028.0,203.0,8403.0
79.0,8.0,2.7019291044021596,0.2218975592987281,1532776.119922318,21.712490800161273,100.09922129937321,1.4247390719913135e-05,1.2939334805614832e-07,5.466736777677153e-05,2.22716411764947e-06,0.0963385244400397,4.107142857142857,0.612,23147.0,9037.0,213.0,8329.0
79.0,8.5,2.6896152505340356,0.2208862766139063,1531072.0573613488,18.190390765747498,108.63726074334689,1.689371770188854e-05,1.4136885520169538e-07,6.137659487319258e-05,2.5914222625499094e-06,0.08969066833079345,4.107142857142857,0.5355,23555.0,9057.0,222.0,8169.0
79.0,9.0,2.711910797920337,0.2227173119065011,1528894.8588196354,13.190079684773414,121.54142681092485,2.353097418085778e-05,1.7600414337038123e-07,7.99298978542126e-05,3.5376490532525494e-06,0.07606930509326766,4.107142857142857,0.459,23462.0,9147.0,208.0,8253.0
79.0,9.5,2.7150761355630006,0.22297726717184063,1528709.4430399071,8.855255288681581,124.16446768179027,3.49713069424469e-05,2.560482706041419e-07,0.00011871452855121984,5.279534490434705e-06,0.060059848462574526,4.107142857142857,0.38249999999999995,23360.0,9122.0,227.0,8201.0
79.0,10.0,2.7262933947682377,0.223898491357778,1532082.9392068132,6.627041811095289,112.51196873635864,4.663923044660587e-05,3.768425784580893e-07,0.00016905545838307787,7.1962867574816705e-06,0.04472801109741808,4.107142857142857,0.306,22944.0,8964.0,193.0,7935.0
82.0,5.0,2.6912683600928866,0.22102203923468153,1526911.535816162,19.666283257889702,95.11997336528984,1.5568335115831163e-05,1.487913781170953e-07,6.188870507948777e-05,2.4655928522649736e-06,0.010942761123374776,4.107142857142857,0.14024999999999999,23671.0,9126.0,226.0,8267.0
82.0,5.5,2.680972845132169,0.22017651385143416,1531462.9260984021,21.462984320324406,95.129368577374,1.427347891662983e-05,1.364025654564807e-07,5.6737318902716336e-05,2.2604645391574795e-06,0.016419820753844582,4.107142857142857,0.21037499999999998,23407.0,8981.0,213.0,8189.0
82.0,6.0,2.668007527915533,0.2191117293457201,1531011.6812279942,23.51265236966617,95.16075498721825,1.2983500871638982e-05,1.2403414214364172e-07,5.159762973861877e-05,2.0559939869370415e-06,0.026239031400422153,4.107142857142857,0.28049999999999997,23283.0,8821.0,192.0,7962.0
82.0,6.5,2.6691127993208856,0.21920250042731912,1527768.418397485,23.473590868007893,95.26511178946107,1.3008844671289381e-05,1.2414012020036483e-07,5.1658419735638945e-05,2.0594117168181257e-06,0.044943198495775855,4.107142857142857,0.35062499999999996,23607.0,8977.0,211.0,8158.0
82.0,7.0,2.697464788732394,0.22153092467850583,1530954.999765498,23.444460306476795,95.60917226766549,1.3092827166885167e-05,1.2449192759865753e-07,5.186011668373813e-05,2.0707425651092707e-06,0.0709737046360007,4.107142857142857,0.42074999999999996,23402.0,9044.0,209.0,8170.0
82.0,7.5,2.669470639579661,0.21923188827465814,1523919.6950979973,22.973028543462945,96.71994493834521,1.3368514255157131e-05,1.256534501251289e-07,5.252491540182378e-05,2.107994680383865e-06,0.09085853664556416,4.107142857142857,0.4908749999999999,23503.0,9042.0,238.0,8461.0
82.0,8.0,2.702904972779661,0.22197770307852288,1525998.656077071,21.541857665893463,100.09317942804344,1.4252035378062676e-05,1.294433434153532e-07,5.468254876939933e-05,2.2279439659290884e-06,0.09636120582638887,4.107142857142857,0.5609999999999999,23596.0,9179.0,248.0,8328.0
82.0,8.5,2.6904945705316248,0.22095849129969866,1527135.0194728947,18.16525429896479,108.63070352599284,1.6899225064264052e-05,1.4142347769042743e-07,6.13936390015672e-05,2.5923296569252045e-06,0.08971178458425645,4.107142857142857,0.4908749999999999,23740.0,9092.0,206.0,8110.0
82.0,9.0,2.6623517663391927,0.2186472465109482,1527873.7387148456,13.079114468651971,121.53409071327596,2.3538645292933272e-05,1.7607214833741814e-07,7.9952094188871e-05,3.5388877718122685e-06,0.07608721441156126,4.107142857142857,0.42074999999999996,23579.0,8977.0,232.0,8269.0
82.0,9.5,2.722126416860203,0.22355627578078963,1531103.0507563218,8.832726485272785,124.15697326047781,3.498270761004867e-05,2.5614720324214045e-07,0.00011874749528175844,5.281383135470302e-06,0.06007398860676886,4.107142857142857,0.35062499999999996,23334.0,9105.0,224.0,8065.0
82.0,10.0,2.6790145890659884,0.2200156908894773,1529989.9835219753,6.602098124210518,112.5051776461849,4.665443486445617e-05,3.7698818393438895e-07,0.000169102404665143,7.198806559144687e-06,0.04473854160228336,4.107142857142857,0.28049999999999997,23302.0,8974.0,233.0,8279.0
