time_hours,WITH_U,WITH_T,WITH_C,WITH_A,WITH_total,WITH_enrichment,WITHOUT_U,WITHOUT_T,WITHOUT_C,WITHOUT_A,WITHOUT_total,WITHOUT_enrichment
0.000,0,0,0,0,0,0.0000,0,0,0,0,0,0.0000
0.084,79,48,1,24,152,0.6076,27,50,27,29,133,1.8519
0.168,176,99,2,54,331,0.5625,64,95,45,53,257,1.4844
0.251,307,160,2,89,558,0.5212,109,142,82,96,429,1.3028
0.335,418,207,2,140,767,0.4952,166,206,130,144,646,1.2410
0.418,505,260,3,170,938,0.5149,203,263,159,185,810,1.2956
0.502,630,327,3,227,1187,0.5190,231,321,179,233,964,1.3896
0.586,746,383,3,266,1398,0.5134,267,372,204,275,1118,1.3933
0.669,846,426,6,295,1573,0.5035,317,445,248,310,1320,1.4038
0.753,925,467,8,324,1724,0.5049,360,493,283,347,1483,1.3694
0.836,1019,507,8,365,1899,0.4975,388,554,322,390,1654,1.4278
0.920,1127,576,11,411,2125,0.5111,425,610,362,435,1832,1.4353
1.004,1224,637,10,450,2321,0.5204,463,652,393,476,1984,1.4082
1.087,1312,678,11,476,2477,0.5168,494,701,428,506,2129,1.4190
1.171,1388,710,13,488,2599,0.5115,525,748,452,536,2261,1.4248
1.254,1476,740,13,514,2743,0.5014,531,778,444,552,2305,1.4652
1.338,1528,764,15,533,2840,0.5000,541,803,458,579,2381,1.4843
1.422,1606,795,16,559,2976,0.4950,564,853,471,602,2490,1.5124
1.505,1688,839,19,592,3138,0.4970,586,888,485,630,2589,1.5154
1.589,1753,867,19,615,3254,0.4946,612,923,484,647,2666,1.5082
1.673,1806,895,19,623,3343,0.4956,647,950,495,679,2771,1.4683
1.756,1891,935,19,645,3490,0.4944,670,982,509,698,2859,1.4657
1.840,1977,977,19,671,3644,0.4942,700,1020,524,724,2968,1.4571
1.923,2078,1047,20,695,3840,0.5038,727,1067,534,752,3080,1.4677
2.007,2183,1089,20,732,4024,0.4989,764,1115,571,783,3233,1.4594
2.091,2285,1142,21,776,4224,0.4998,786,1147,592,822,3347,1.4593
2.174,2370,1200,21,821,4412,0.5063,818,1181,615,855,3469,1.4438
2.258,2449,1250,22,852,4573,0.5104,841,1227,642,894,3604,1.4590
2.341,2538,1288,22,888,4736,0.5075,869,1256,656,918,3699,1.4453
2.425,2624,1335,24,932,4915,0.5088,901,1310,686,966,3863,1.4539
2.509,2732,1393,27,980,5132,0.5099,920,1345,714,1004,3983,1.4620
2.592,2810,1441,27,994,5272,0.5128,959,1395,759,1034,4147,1.4546
2.676,2911,1497,29,1045,5482,0.5143,1011,1462,795,1082,4350,1.4461
2.759,2997,1545,30,1069,5641,0.5155,1039,1511,831,1135,4516,1.4543
2.843,3079,1592,29,1090,5790,0.5171,1084,1566,864,1176,4690,1.4446
2.927,3174,1634,32,1120,5960,0.5148,1106,1610,888,1204,4808,1.4557
3.010,3224,1649,31,1123,6027,0.5115,1126,1655,898,1234,4913,1.4698
3.094,3315,1698,32,1152,6197,0.5122,1146,1686,910,1245,4987,1.4712
3.178,3418,1744,32,1186,6380,0.5102,1174,1722,939,1281,5116,1.4668
3.261,3493,1771,34,1200,6498,0.5070,1213,1764,982,1325,5284,1.4542
3.345,3545,1799,36,1225,6605,0.5075,1229,1796,1011,1352,5388,1.4614
3.428,3625,1829,36,1245,6735,0.5046,1251,1824,1011,1367,5453,1.4580
3.512,3706,1859,37,1278,6880,0.5016,1270,1856,1017,1382,5525,1.4614
3.596,3800,1879,38,1292,7009,0.4945,1312,1891,1025,1414,5642,1.4413
3.679,3895,1930,39,1326,7190,0.4955,1337,1933,1053,1443,5766,1.4458
3.763,3998,1984,39,1360,7381,0.4962,1360,1977,1073,1484,5894,1.4537
3.846,4061,2025,39,1376,7501,0.4986,1393,2014,1096,1504,6007,1.4458
3.930,4148,2079,39,1421,7687,0.5012,1409,2047,1119,1535,6110,1.4528
4.014,4236,2122,41,1455,7854,0.5009,1435,2083,1132,1555,6205,1.4516
4.097,4332,2157,43,1484,8016,0.4979,1489,2143,1179,1604,6415,1.4392
4.181,4423,2198,43,1519,8183,0.4969,1529,2186,1221,1642,6578,1.4297
4.264,4502,2235,44,1546,8327,0.4964,1541,2231,1233,1680,6685,1.4478
4.348,4615,2282,46,1580,8523,0.4945,1577,2271,1265,1719,6832,1.4401
4.432,4690,2319,47,1594,8650,0.4945,1602,2324,1298,1776,7000,1.4507
4.515,4788,2374,47,1626,8835,0.4958,1626,2366,1327,1808,7127,1.4551
4.599,4893,2432,47,1666,9038,0.4970,1672,2415,1364,1857,7308,1.4444
4.683,5005,2474,49,1712,9240,0.4943,1702,2460,1377,1891,7430,1.4454
4.766,5066,2512,49,1736,9363,0.4959,1738,2515,1415,1929,7597,1.4471
4.850,5127,2542,50,1759,9478,0.4958,1770,2563,1433,1970,7736,1.4480
4.933,5231,2589,50,1802,9672,0.4949,1806,2609,1458,2000,7873,1.4446
5.017,5290,2628,51,1808,9777,0.4968,1834,2656,1488,2025,8003,1.4482
5.101,5390,2688,52,1836,9966,0.4987,1839,2693,1497,2045,8074,1.4644
5.184,5462,2728,54,1848,10092,0.4995,1857,2718,1510,2060,8145,1.4637
5.268,5534,2748,55,1869,10206,0.4966,1870,2757,1529,2076,8232,1.4743
5.351,5612,2798,55,1895,10360,0.4986,1898,2807,1537,2103,8345,1.4789
5.435,5676,2839,57,1929,10501,0.5002,1929,2843,1558,2133,8463,1.4738
5.519,5751,2872,58,1950,10631,0.4994,1951,2865,1568,2155,8539,1.4685
5.602,5835,2917,58,1984,10794,0.4999,1958,2883,1593,2162,8596,1.4724
5.686,5909,2948,58,1996,10911,0.4989,1986,2920,1607,2191,8704,1.4703
5.769,5977,2994,60,2011,11042,0.5009,1997,2942,1605,2209,8753,1.4732
5.853,6076,3046,62,2050,11234,0.5013,2031,2969,1637,2243,8880,1.4618
5.937,6184,3091,62,2083,11420,0.4998,2045,2992,1659,2258,8954,1.4631
6.020,6292,3138,64,2113,11607,0.4987,2081,3038,1685,2296,9100,1.4599
6.104,6404,3197,64,2147,11812,0.4992,2114,3068,1711,2339,9232,1.4513
6.188,6521,3250,65,2185,12021,0.4984,2152,3115,1738,2381,9386,1.4475
6.271,6614,3289,65,2221,12189,0.4973,2183,3170,1772,2442,9567,1.4521
6.355,6707,3341,67,2260,12375,0.4981,2226,3219,1797,2491,9733,1.4461
6.438,6812,3388,67,2294,12561,0.4974,2254,3262,1816,2539,9871,1.4472
6.522,6935,3466,68,2360,12829,0.4998,2297,3316,1846,2589,10048,1.4436
6.606,7015,3493,69,2385,12962,0.4979,2328,3373,1878,2635,10214,1.4489
6.689,7100,3533,69,2415,13117,0.4976,2355,3413,1909,2656,10333,1.4493
6.773,7200,3597,70,2462,13329,0.4996,2379,3457,1933,2673,10442,1.4531
6.856,7295,3655,71,2502,13523,0.5010,2399,3499,1957,2705,10560,1.4585
6.940,7375,3686,71,2527,13659,0.4998,2437,3558,1982,2757,10734,1.4600
7.024,7449,3717,72,2557,13795,0.4990,2473,3617,2019,2797,10906,1.4626
7.107,7555,3781,73,2591,14000,0.5005,2495,3654,2049,2822,11020,1.4645
7.191,7645,3834,75,2647,14201,0.5015,2506,3704,2076,2863,11149,1.4781
7.274,7742,3876,76,2684,14378,0.5006,2557,3759,2110,2908,11334,1.4701
7.358,7805,3907,77,2706,14495,0.5006,2562,3793,2129,2921,11405,1.4805
7.442,7878,3952,78,2732,14640,0.5017,2589,3839,2149,2962,11539,1.4828
7.525,7972,4008,78,2766,14824,0.5028,2621,3879,2177,3007,11684,1.4800
7.609,8064,4065,78,2810,15017,0.5041,2647,3920,2191,3043,11801,1.4809
7.692,8134,4078,79,2832,15123,0.5014,2651,3938,2207,3061,11857,1.4855
7.776,8228,4117,80,2853,15278,0.5004,2665,3958,2209,3084,11916,1.4852
7.860,8308,4149,80,2899,15436,0.4994,2693,3996,2222,3120,12031,1.4838
7.943,8395,4184,80,2931,15590,0.4984,2725,4037,2249,3141,12152,1.4815
8.027,8474,4233,82,2966,15755,0.4995,2764,4092,2291,3173,12320,1.4805
8.111,8536,4271,82,2972,15861,0.5004,2796,4142,2298,3209,12445,1.4814
8.194,8620,4329,83,3011,16043,0.5022,2804,4172,2312,3226,12514,1.4879
8.278,8701,4378,85,3048,16212,0.5032,2835,4227,2335,3263,12660,1.4910
8.361,8803,4425,87,3084,16399,0.5027,2864,4277,2359,3304,12804,1.4934
8.445,8867,4461,90,3115,16533,0.5031,2902,4342,2397,3343,12984,1.4962
8.529,8968,4506,89,3153,16716,0.5025,2928,4381,2439,3378,13126,1.4962
8.612,9054,4541,89,3179,16863,0.5015,2978,4450,2487,3431,13346,1.4943
8.696,9146,4594,89,3226,17055,0.5023,2997,4484,2515,3461,13457,1.4962
8.779,9243,4654,90,3271,17258,0.5035,3036,4542,2550,3520,13648,1.4960
8.863,9337,4697,90,3308,17432,0.5031,3081,4585,2591,3566,13823,1.4882
8.947,9439,4751,90,3354,17634,0.5033,3129,4638,2626,3617,14010,1.4823
9.030,9531,4799,91,3378,17799,0.5035,3169,4693,2645,3656,14163,1.4809
9.114,9629,4847,91,3415,17982,0.5034,3181,4724,2664,3671,14240,1.4851
9.197,9740,4903,91,3463,18197,0.5034,3201,4759,2680,3705,14345,1.4867
9.281,9826,4946,93,3498,18363,0.5034,3229,4798,2699,3734,14460,1.4859
9.365,9906,4986,93,3531,18516,0.5033,3244,4826,2718,3756,14544,1.4877
9.448,9985,5031,93,3548,18657,0.5039,3266,4858,2741,3800,14665,1.4874
9.532,10067,5078,93,3571,18809,0.5044,3291,4904,2764,3832,14791,1.4901
9.616,10116,5109,96,3584,18905,0.5050,3321,4947,2779,3860,14907,1.4896
9.699,10207,5151,95,3610,19063,0.5047,3324,4950,2787,3861,14922,1.4892
9.783,10275,5182,96,3621,19174,0.5043,3347,4986,2805,3884,15022,1.4897
9.866,10355,5222,96,3651,19324,0.5043,3373,5024,2830,3914,15141,1.4895
9.950,10435,5261,98,3670,19464,0.5042,3413,5061,2853,3946,15273,1.4829
10.034,10532,5302,101,3696,19631,0.5034,3467,5121,2886,4001,15475,1.4771
10.117,10625,5352,102,3727,19806,0.5037,3479,5166,2908,4038,15591,1.4849
10.201,10719,5377,102,3763,19961,0.5016,3514,5211,2945,4082,15752,1.4829
10.284,10823,5435,106,3799,20163,0.5022,3532,5251,2974,4117,15874,1.4867
10.368,10921,5474,107,3818,20320,0.5012,3570,5311,3009,4165,16055,1.4877
10.452,10981,5525,111,3837,20454,0.5031,3605,5356,3045,4197,16203,1.4857
10.535,11083,5572,110,3874,20639,0.5028,3636,5406,3078,4228,16348,1.4868
10.619,11208,5630,112,3914,20864,0.5023,3659,5456,3102,4255,16472,1.4911
10.703,11292,5678,112,3955,21037,0.5028,3703,5492,3131,4297,16623,1.4831
10.786,11399,5732,114,3996,21241,0.5029,3738,5559,3160,4343,16800,1.4872
10.870,11502,5789,114,4046,21451,0.5033,3769,5598,3174,4367,16908,1.4853
10.953,11582,5830,116,4081,21609,0.5034,3786,5634,3183,4397,17000,1.4881
11.037,11656,5867,116,4111,21750,0.5033,3806,5663,3205,4415,17089,1.4879
11.121,11753,5917,117,4145,21932,0.5034,3850,5713,3237,4468,17268,1.4839
11.204,11849,5945,117,4171,22082,0.5017,3887,5755,3256,4506,17404,1.4806
11.288,11934,5972,117,4194,22217,0.5004,3920,5809,3282,4550,17561,1.4819
11.371,12016,6015,117,4215,22363,0.5006,3953,5822,3308,4572,17655,1.4728
11.455,12118,6061,118,4262,22559,0.5002,3974,5827,3305,4586,17692,1.4663
11.539,12169,6094,119,4283,22665,0.5008,3997,5863,3330,4606,17796,1.4669
11.622,12232,6133,119,4306,22790,0.5014,4016,5904,3337,4635,17892,1.4701
11.706,12311,6180,121,4332,22944,0.5020,4052,5950,3377,4670,18049,1.4684
11.789,12379,6219,122,4355,23075,0.5024,4086,5995,3401,4705,18187,1.4672
11.873,12457,6234,123,4372,23186,0.5004,4114,6027,3403,4737,18281,1.4650
11.957,12562,6294,124,4421,23401,0.5010,4145,6058,3431,4769,18403,1.4615
12.040,12669,6330,125,4443,23567,0.4996,4155,6083,3442,4791,18471,1.4640
12.124,12756,6362,125,4479,23722,0.4987,4195,6122,3471,4826,18614,1.4594
12.207,12850,6413,125,4514,23902,0.4991,4237,6182,3504,4871,18794,1.4591
12.291,12928,6452,125,4534,24039,0.4991,4269,6224,3532,4903,18928,1.4580
12.375,13054,6513,126,4596,24289,0.4989,4296,6276,3567,4948,19087,1.4609
12.458,13158,6570,128,4630,24486,0.4993,4328,6322,3589,4989,19228,1.4607
12.542,13240,6611,130,4664,24645,0.4993,4362,6367,3598,5032,19359,1.4597
12.626,13321,6666,131,4693,24811,0.5004,4382,6403,3625,5059,19469,1.4612
12.709,13408,6697,131,4715,24951,0.4995,4408,6446,3651,5094,19599,1.4623
12.793,13502,6737,134,4757,25130,0.4990,4434,6484,3675,5127,19720,1.4623
12.876,13594,6778,134,4783,25289,0.4986,4462,6535,3698,5158,19853,1.4646
12.960,13691,6815,136,4807,25449,0.4978,4509,6592,3735,5200,20036,1.4620
13.044,13747,6841,137,4829,25554,0.4976,4532,6634,3773,5240,20179,1.4638
13.127,13820,6868,137,4852,25677,0.4970,4557,6660,3783,5263,20263,1.4615
13.211,13928,6927,141,4895,25891,0.4973,4576,6722,3819,5300,20417,1.4690
13.294,14016,6982,142,4931,26071,0.4981,4606,6764,3845,5328,20543,1.4685
13.378,14097,7012,142,4962,26213,0.4974,4635,6798,3877,5354,20664,1.4667
13.462,14171,7046,142,4985,26344,0.4972,4634,6823,3889,5368,20714,1.4724
13.545,14244,7083,143,5023,26493,0.4973,4670,6867,3913,5401,20851,1.4704
13.629,14326,7107,144,5047,26624,0.4961,4684,6905,3927,5424,20940,1.4742
13.713,14396,7147,144,5070,26757,0.4965,4701,6943,3960,5452,21056,1.4769
13.796,14465,7175,144,5098,26882,0.4960,4724,6987,3986,5492,21189,1.4790
13.880,14566,7230,146,5124,27066,0.4964,4759,7042,4003,5548,21352,1.4797
13.963,14657,7269,147,5135,27208,0.4959,4786,7081,4031,5554,21452,1.4795
14.047,14699,7308,148,5152,27307,0.4972,4797,7118,4044,5589,21548,1.4838
14.131,14788,7355,150,5180,27473,0.4974,4826,7168,4068,5624,21686,1.4853
14.214,14864,7392,151,5206,27613,0.4973,4849,7210,4106,5650,21815,1.4869
14.298,14933,7426,151,5229,27739,0.4973,4897,7270,4121,5689,21977,1.4846
14.381,15021,7464,152,5256,27893,0.4969,4932,7314,4162,5746,22154,1.4830
14.465,15086,7513,153,5286,28038,0.4980,4958,7355,4203,5783,22299,1.4835
14.549,15219,7590,155,5341,28305,0.4987,4973,7387,4214,5824,22398,1.4854
14.632,15304,7628,156,5359,28447,0.4984,5011,7435,4248,5857,22551,1.4837
14.716,15384,7650,158,5367,28559,0.4973,5059,7504,4289,5915,22767,1.4833
14.799,15486,7706,159,5408,28759,0.4976,5110,7559,4312,5948,22929,1.4793
14.883,15574,7750,161,5434,28919,0.4976,5145,7616,4343,5999,23103,1.4803
14.967,15661,7797,163,5465,29086,0.4979,5174,7662,4364,6032,23232,1.4809
15.050,15750,7850,164,5498,29262,0.4984,5199,7698,4375,6054,23326,1.4807
15.134,15819,7879,164,5504,29366,0.4981,5225,7732,4408,6089,23454,1.4798
15.217,15887,7916,164,5530,29497,0.4983,5261,7774,4441,6122,23598,1.4777
15.301,15960,7945,164,5567,29636,0.4978,5281,7813,4450,6148,23692,1.4795
15.385,16040,7987,164,5596,29787,0.4979,5302,7859,4473,6178,23812,1.4823
15.468,16072,8005,164,5610,29851,0.4981,5331,7896,4495,6206,23928,1.4811
15.552,16156,8040,167,5633,29996,0.4976,5359,7937,4527,6249,24072,1.4811
15.636,16227,8080,167,5669,30143,0.4979,5363,7968,4529,6268,24128,1.4857
15.719,16292,8095,167,5686,30240,0.4969,5378,8015,4547,6285,24225,1.4903
15.803,16365,8128,167,5709,30369,0.4967,5398,8057,4577,6314,24346,1.4926
15.886,16442,8180,168,5754,30544,0.4975,5418,8085,4587,6340,24430,1.4922
15.970,16507,8211,168,5778,30664,0.4974,5441,8126,4593,6357,24517,1.4935
16.054,16601,8264,169,5812,30846,0.4978,5471,8173,4630,6388,24662,1.4939
16.137,16676,8282,169,5828,30955,0.4966,5505,8215,4641,6407,24768,1.4923
16.221,16773,8338,172,5850,31133,0.4971,5535,8253,4669,6439,24896,1.4911
16.304,16868,8380,171,5881,31300,0.4968,5573,8298,4705,6469,25045,1.4890
16.388,16954,8432,173,5925,31484,0.4973,5614,8350,4750,6519,25233,1.4874
16.472,17065,8475,174,5966,31680,0.4966,5657,8412,4793,6570,25432,1.4870
16.555,17154,8525,177,6000,31856,0.4970,5688,8457,4829,6621,25595,1.4868
16.639,17234,8553,176,6021,31984,0.4963,5704,8489,4851,6645,25689,1.4883
16.723,17359,8607,178,6053,32197,0.4958,5735,8550,4880,6668,25833,1.4908
16.806,17448,8647,179,6084,32358,0.4956,5766,8594,4917,6688,25965,1.4905
16.890,17507,8677,179,6093,32456,0.4956,5796,8622,4931,6713,26062,1.4876
16.973,17613,8728,180,6123,32644,0.4955,5822,8687,4962,6754,26225,1.4921
17.057,17703,8763,180,6153,32799,0.4950,5862,8737,4989,6797,26385,1.4904
17.141,17779,8810,181,6169,32939,0.4955,5877,8779,5013,6834,26503,1.4938
17.224,17866,8854,180,6201,33101,0.4956,5927,8818,5033,6869,26647,1.4878
17.308,17939,8899,180,6225,33243,0.4961,5929,8841,5049,6888,26707,1.4911
17.391,18007,8929,181,6239,33356,0.4959,5950,8875,5061,6912,26798,1.4916
17.475,18099,8973,183,6272,33527,0.4958,5967,8903,5070,6937,26877,1.4920
17.559,18159,9005,183,6281,33628,0.4959,5985,8946,5094,6970,26995,1.4947
17.642,18232,9034,183,6307,33756,0.4955,6016,8982,5117,7000,27115,1.4930
17.726,18290,9081,183,6335,33889,0.4965,6025,9001,5119,7012,27157,1.4939
17.809,18367,9104,183,6371,34025,0.4957,6056,9055,5145,7045,27301,1.4952
17.893,18444,9160,184,6408,34196,0.4966,6087,9092,5163,7091,27433,1.4937
17.977,18539,9200,184,6441,34364,0.4963,6114,9135,5172,7124,27545,1.4941
18.060,18632,9259,185,6468,34544,0.4969,6145,9180,5208,7171,27704,1.4939
18.144,18729,9308,185,6503,34725,0.4970,6172,9225,5243,7215,27855,1.4947
18.227,18851,9365,186,6554,34956,0.4968,6203,9274,5261,7260,27998,1.4951
18.311,18917,9406,186,6584,35093,0.4972,6245,9319,5294,7303,28161,1.4922
18.395,19015,9460,188,6625,35288,0.4975,6283,9375,5329,7353,28340,1.4921
18.478,19117,9497,189,6658,35461,0.4968,6319,9411,5370,7376,28476,1.4893
18.562,19223,9536,192,6698,35649,0.4961,6351,9460,5409,7407,28627,1.4895
18.646,19328,9583,191,6725,35827,0.4958,6399,9525,5444,7449,28817,1.4885
18.729,19431,9628,191,6760,36010,0.4955,6433,9570,5466,7487,28956,1.4876
18.813,19521,9676,191,6790,36178,0.4957,6468,9606,5504,7526,29104,1.4852
18.896,19637,9728,193,6834,36392,0.4954,6507,9646,5531,7559,29243,1.4824
18.980,19737,9776,194,6867,36574,0.4953,6542,9712,5565,7610,29429,1.4846
19.064,19827,9815,194,6895,36731,0.4950,6577,9761,5592,7631,29561,1.4841
19.147,19886,9858,195,6919,36858,0.4957,6609,9798,5634,7672,29713,1.4825
19.231,19956,9888,195,6950,36989,0.4955,6646,9847,5668,7713,29874,1.4816
19.314,20023,9927,195,6960,37105,0.4958,6682,9888,5696,7753,30019,1.4798
19.398,20098,9947,196,6976,37217,0.4949,6700,9928,5699,7761,30088,1.4818
19.482,20184,9981,197,7011,37373,0.4945,6712,9970,5709,7789,30180,1.4854
19.565,20263,10020,200,7032,37515,0.4945,6729,9948,5731,7815,30223,1.4784
19.649,20362,10045,204,7070,37681,0.4933,6767,9917,5767,7837,30288,1.4655
19.733,20419,10006,203,7102,37730,0.4900,6795,9886,5763,7846,30290,1.4549
19.816,20467,9974,203,7118,37762,0.4873,6810,9845,5791,7868,30314,1.4457
19.900,20561,9949,203,7132,37845,0.4839,6830,9822,5800,7898,30350,1.4381
19.983,20640,9925,206,7158,37929,0.4809,6851,9793,5810,7925,30379,1.4294
20.067,20739,9895,206,7199,38039,0.4771,6890,9767,5825,7954,30436,1.4176
20.151,20845,9866,207,7236,38154,0.4733,6924,9741,5865,7996,30526,1.4068
20.234,20921,9832,208,7268,38229,0.4700,6949,9709,5887,8031,30576,1.3972
20.318,21015,9804,210,7323,38352,0.4665,6979,9689,5932,8064,30664,1.3883
20.401,21114,9768,210,7370,38462,0.4626,7010,9674,5954,8098,30736,1.3800
20.485,21204,9736,212,7420,38572,0.4592,7059,9645,5994,8158,30856,1.3663
20.569,21305,9719,213,7464,38701,0.4562,7099,9608,6024,8194,30925,1.3534
20.652,21408,9673,213,7484,38778,0.4518,7152,9589,6062,8256,31059,1.3407
20.736,21487,9638,214,7507,38846,0.4486,7199,9567,6106,8304,31176,1.3289
20.819,21600,9602,214,7549,38965,0.4445,7227,9539,6142,8355,31263,1.3199
20.903,21707,9567,215,7610,39099,0.4407,7265,9504,6166,8386,31321,1.3082
20.987,21785,9538,215,7633,39171,0.4378,7291,9472,6209,8427,31399,1.2991
21.070,21887,9503,216,7675,39281,0.4342,7305,9434,6218,8456,31413,1.2914
21.154,21933,9470,217,7695,39315,0.4318,7323,9410,6242,8484,31459,1.2850
21.238,22015,9449,218,7718,39400,0.4292,7352,9394,6264,8518,31528,1.2777
21.321,22078,9424,218,7745,39465,0.4269,7369,9371,6273,8540,31553,1.2717
21.405,22157,9394,218,7769,39538,0.4240,7407,9342,6301,8576,31626,1.2612
21.488,22250,9362,218,7800,39630,0.4208,7427,9317,6318,8606,31668,1.2545
21.572,22333,9332,218,7827,39710,0.4179,7448,9285,6339,8630,31702,1.2466
21.656,22417,9307,218,7856,39798,0.4152,7459,9255,6351,8647,31712,1.2408
21.739,22488,9269,219,7891,39867,0.4122,7481,9228,6381,8667,31757,1.2335
21.823,22574,9239,219,7915,39947,0.4093,7517,9197,6409,8705,31828,1.2235
21.906,22639,9202,219,7931,39991,0.4065,7551,9171,6417,8731,31870,1.2145
21.990,22701,9173,221,7946,40041,0.4041,7581,9144,6449,8758,31932,1.2062
22.074,22766,9137,222,7969,40094,0.4013,7622,9113,6467,8794,31996,1.1956
22.157,22878,9115,222,8005,40220,0.3984,7638,9084,6498,8834,32054,1.1893
